id,name
1,Michael P.
2,Shawn M.
3,Kathleen P.
4,Jimmy C.
5,Katherine K.
6,Sarah R.
7,Martin M.
8,Frank R.
9,Jennifer F.
10,Henry W.
11,Fred S.
12,Amy C.
13,Kathleen M.
14,Michael W.
15,Kathleen A.
16,Sarah G.
17,Jennifer C.
18,Frank B.
19,Fred H.
20,Amy M.
21,Kathleen J.
22,Michael E.
23,Fred M.
24,Henry M.
25,Katherine P.
26,Shawn H.
27,Sarah M.
28,Martin P.
29,Jennifer M.
30,James M.
31,Katherine A.
32,Michael G.
33,Amy S.
34,Martin C.
35,Fred P.
36,Shawn C.
37,Jennifer H.
38,Henry C.
39,Katherine S.
40,James P.
41,Sarah J.
42,Michael C.
43,Amy P.
44,Fred K.
45,Martin H.
46,Shawn J.
47,Henry P.
48,Katherine H.
49,James K.
50,Sarah H.
51,Michael K.
52,Amy H.
53,Fred J.
54,Martin J.
55,Katherine J.
56,Shawn P.
57,Henry J.
58,Katherine B.
59,James J.
60,Sarah K.
61,Michael J.
62,Amy J.
63,Fred B.
64,Martin K.
65,Katherine G.
66,Shawn K.
67,Henry K.
68,Katherine C.
69,James H.
70,Sarah B.
71,Michael B.
72,Amy B.
73,Fred G.
74,Martin B.
75,Katherine D.
76,Shawn B.
77,Henry B.
78,Katherine E.
79,James B.
80,Sarah C.
81,Michael M.
82,Amy G.
83,Fred A.
84,Martin G.
85,Katherine F.
86,Shawn G.
87,Henry G.
88,Katherine L.
89,James G.
90,Sarah L.
91,Michael H.
92,Amy K.
93,Fred C.
94,Martin L.
95,Katherine N.
96,Shawn L.
97,Henry L.
98,Katherine O.
99,James L.
100,Sarah P.
